<application>
  <component name="com.intellij.ide.ui.customization.CustomActionsSchema">
    <group value="SonarLint.AnalyzeMenu" is_group="true" action_type="-1" position="5">
      <path value="root" />
      <path value="Main menu" />
      <path value="Analyze" />
      <option name="myInitialPosition" value="-1" />
    </group>
    <group value="SonarLint.AnalyzeMenu" is_group="true" action_type="1" position="0">
      <path value="root" />
      <path value="Main menu" />
      <path value="Analyze" />
      <option name="myInitialPosition" value="-1" />
    </group>
  </component>
</application>