<application>
  <component name="FileTypeManager" version="17">
    <ignoreFiles list=" *.idea;*.bak;*.hprof;*.idea;*.iml;*.log;*.pyc;*.pyo;*.rbc;*.yarb;*~;.DS_Store;.git;.hg;.svn;CVS;__pycache__;_svn;vssver.scc;vssver2.scc;" />
    <extensionMap>
      <mapping ext="klib" type="ARCHIVE" />
      <mapping pattern="javap指令集" type="PLAIN_TEXT" />
      <mapping ext="language" type="PLAIN_TEXT" />
      <mapping ext="components" type="PLAIN_TEXT" />
    </extensionMap>
  </component>
</application>