<application>
  <component name="ProjectManager">
    <defaultProject>
      <component name="Encoding" addBOMForNewFiles="with NO BOM" />
      <component name="GradleLocalSettings">
        <option name="projectSyncType">
          <map>
            <entry key="D:/idea2/tom-space-master-70b87a81ae2ba268c3b914d49bf3b2a48b3c3c7b/vip-20180303/spring-framework-5.0.2.RELEASE-中文注释版" value="PREVIEW" />
            <entry key="D:/user/80003455/Downloads/spring-framework-5.1.2.RELEASE" value="PREVIEW" />
            <entry key="D:/user/80003455/Downloads/spring-framework-5.1.x" value="PREVIEW" />
          </map>
        </option>
      </component>
      <component name="PropertiesComponent">
        <property name="nodejs_interpreter_path.stuck_in_default_project" value="undefined stuck path" />
        <property name="nodejs_npm_path_reset_for_default_project" value="true" />
        <property name="settings.editor.selected.configurable" value="configurable.group.appearance" />
      </component>
      <component name="RunManager">
        <configuration default="true" type="Applet">
          <option name="POLICY_FILE" value="$APPLICATION_HOME_DIR$/bin/appletviewer.policy" />
          <method v="2">
            <option name="Make" enabled="true" />
          </method>
        </configuration>
        <configuration default="true" type="Application" factoryName="Application">
          <option name="WORKING_DIRECTORY" value="$PROJECT_DIR$" />
          <method v="2">
            <option name="Make" enabled="true" />
          </method>
        </configuration>
        <configuration default="true" type="JUnit" factoryName="JUnit">
          <option name="WORKING_DIRECTORY" value="%MODULE_WORKING_DIR%" />
          <method v="2">
            <option name="Make" enabled="true" />
          </method>
        </configuration>
        <configuration default="true" type="TestNG">
          <option name="WORKING_DIRECTORY" value="%MODULE_WORKING_DIR%" />
          <properties />
          <listeners />
          <method v="2">
            <option name="Make" enabled="true" />
          </method>
        </configuration>
        <configuration default="true" type="#org.jetbrains.idea.devkit.run.PluginConfigurationType">
          <module name="" />
          <option name="VM_PARAMETERS" value="-Xmx512m -Xms256m -XX:MaxPermSize=250m -ea" />
          <option name="PROGRAM_PARAMETERS" />
          <predefined_log_file enabled="true" id="idea.log" />
          <method v="2">
            <option name="Make" enabled="true" />
          </method>
        </configuration>
      </component>
      <component name="masterDetails">
        <states>
          <state key="ProjectJDKs.UI">
            <settings>
              <last-edited>1.8</last-edited>
              <splitter-proportions>
                <option name="proportions">
                  <list>
                    <option value="0.2" />
                  </list>
                </option>
              </splitter-proportions>
            </settings>
          </state>
          <state key="ScopeChooserConfigurable.UI">
            <settings>
              <splitter-proportions>
                <option name="proportions">
                  <list>
                    <option value="0.2" />
                  </list>
                </option>
              </splitter-proportions>
            </settings>
          </state>
        </states>
      </component>
    </defaultProject>
  </component>
</application>