<application>
  <component name="SonarLintGlobalSettings">
    <option name="autoTrigger" value="false" />
    <option name="excludedRules">
      <set>
        <option value="squid:S1488" />
        <option value="squid:S2095" />
      </set>
    </option>
    <option name="sonarQubeServers">
      <list>
        <SonarQubeServer>
          <option name="hostUrl" value="http://sonar.sf-express.com" />
          <option name="name" value="公司" />
          <option name="login" value="80003455" />
          <password>df8bdfeadf89df8edfdbdfdddfcfdfd8df9bdf98df99df9edf9fdf9c</password>
        </SonarQubeServer>
      </list>
    </option>
  </component>
</application>