<application>
  <component name="AppStorage">
    <histories>
      <item value="preserve" />
      <item value="组合" />
      <item value="* Spreads (XORs) higher bits of hash to lower and also forces top * bit to 0. Because the table uses power-of-two masking, sets of * hashes that vary only in bits above the current mask will * always collide. (Among known examples are sets of Float keys * holding consecutive whole numbers in small tables.) So we * apply a transform that spreads the impact of higher bits * downward. There is a tradeoff between speed, utility, and * quality of bit-spreading. Because many common sets of hashes * are already reasonably distributed (so don't benefit from * spreading), and because we use trees to handle large sets of * collisions in bins, we just XOR some shifted bits in the * cheapest possible way to reduce systematic lossage, as well as * to incorporate impact of the highest bits that would otherwise * never be used in index calculations because of table bounds." />
      <item value="intercept" />
      <item value="post-processing" />
      <item value="manually" />
      <item value="Eligible" />
      <item value="Audit" />
      <item value="invocation" />
      <item value="additional" />
      <item value="is Per Instance" />
      <item value="instantiated" />
      <item value="Introduction" />
      <item value="eligible" />
      <item value="Default Advisor Auto Proxy Creator" />
      <item value="listener" />
      <item value="监听器" />
      <item value="Analogous" />
      <item value="培训课程" />
      <item value="培训" />
      <item value="periodic" />
      <item value="explicitly" />
      <item value="Abort" />
      <item value="展示位置" />
      <item value="显示" />
      <item value="The smallest table capacity for which bins may be treeified. * (Otherwise the table is resized if too many nodes in a bin.) * Should be at least 4 * TREEIFY_THRESHOLD to avoid conflicts * between resizing and treeification thresholds." />
      <item value="implicitly" />
      <item value="设置" />
      <item value="threshold" />
      <item value="tolerate" />
      <item value="allocated" />
      <item value="Extends" />
      <item value="evict" />
      <item value="signifying" />
      <item value="zero" />
      <item value="bins" />
      <item value="THRESHOLD" />
      <item value="untreeifying" />
      <item value="Bins" />
      <item value="abrupt" />
      <item value="Discard" />
      <item value="successor" />
      <item value="unparking" />
      <item value="indicate" />
      <item value="negative" />
      <item value="successors" />
      <item value="mutual" />
      <item value="cascading" />
      <item value="waitStatus value to indicate successor's thread needs unparking" />
      <item value="interrupted" />
    </histories>
    <option name="languageScores">
      <map>
        <entry key="CHINESE" value="423" />
        <entry key="ENGLISH" value="424" />
        <entry key="DANISH" value="1" />
        <entry key="FRENCH" value="1" />
        <entry key="GALICIAN" value="1" />
        <entry key="LATIN" value="2" />
        <entry key="NORWEGIAN" value="2" />
        <entry key="SPANISH" value="1" />
        <entry key="INDONESIAN" value="1" />
      </map>
    </option>
  </component>
</application>