<keymap version="1" name="Eclipse copy" parent="Eclipse">
  <action id="$ChooseTranslatorAction" />
  <action id="$EditorTranslateAction">
    <keyboard-shortcut first-keystroke="shift ctrl c" />
  </action>
  <action id="$TranslateAndReplaceAction" />
  <action id="CodeCompletion" />
  <action id="CopyPaths" />
  <action id="CopyReference">
    <keyboard-shortcut first-keystroke="shift ctrl alt c" />
    <keyboard-shortcut first-keystroke="shift ctrl a" />
  </action>
  <action id="DatabaseView.CopyDdlAction" />
  <action id="Debugger.RemoveAllBreakpoints">
    <keyboard-shortcut first-keystroke="ctrl back_quote" />
  </action>
  <action id="Editor EditorTranslateAction">
    <keyboard-shortcut first-keystroke="shift ctrl c" />
  </action>
  <action id="EditorNextWordWithSelection" />
  <action id="EditorToggleCase">
    <keyboard-shortcut first-keystroke="shift ctrl u" />
    <keyboard-shortcut first-keystroke="shift ctrl y" />
  </action>
  <action id="GotoAction" />
  <action id="GotoImplementation">
    <keyboard-shortcut first-keystroke="ctrl t" />
    <keyboard-shortcut first-keystroke="ctrl alt b" />
    <mouse-shortcut keystroke="control button3" />
  </action>
  <action id="IncreaseColumnWidth" />
  <action id="IncrementWindowWidth" />
  <action id="PasteMultiple">
    <keyboard-shortcut first-keystroke="shift ctrl insert" />
  </action>
  <action id="QuickChangeScheme" />
  <action id="ResizeToolWindowRight" />
  <action id="ShowUmlDiagram">
    <keyboard-shortcut first-keystroke="shift ctrl alt u" />
    <keyboard-shortcut first-keystroke="shift ctrl x" />
  </action>
  <action id="ShowUmlDiagramPopup">
    <keyboard-shortcut first-keystroke="ctrl alt u" />
    <keyboard-shortcut first-keystroke="shift ctrl v" />
  </action>
  <action id="SplitVertically">
    <keyboard-shortcut first-keystroke="ctrl space" />
    <mouse-shortcut keystroke="shift control button3" />
  </action>
</keymap>